2024-12-05_10-47-16,000%,student.cpp:2024-12-05_10-47-16
2024-12-05_10-47-35,000%,student.cpp:2024-12-05_10-47-16
2024-12-05_13-45-34,000%,student.cpp:2024-12-05_10-47-16
2024-12-05_14-02-48,COMP,student.cpp:2024-12-05_14-02-48
2024-12-05_14-04-37,COMP,student.cpp:2024-12-05_14-04-37
2024-12-05_14-05-21,COMP,student.cpp:2024-12-05_14-05-21
2024-12-05_14-07-35,COMP,student.cpp:2024-12-05_14-05-21
2024-12-05_14-08-38,000%,student.cpp:2024-12-05_14-08-38
2024-12-05_14-11-00,000%,student.cpp:2024-12-05_14-11-00
2024-12-05_14-11-53,012%,student.cpp:2024-12-05_14-11-53
2024-12-05_14-17-51,012%,student.cpp:2024-12-05_14-17-51
2024-12-05_14-18-35,012%,student.cpp:2024-12-05_14-18-35
2024-12-05_14-25-09,025%,student.cpp:2024-12-05_14-25-09
2024-12-05_14-25-11,025%,student.cpp:2024-12-05_14-25-09
2024-12-05_14-27-09,025%,student.cpp:2024-12-05_14-27-09
2024-12-05_14-28-19,050%,student.cpp:2024-12-05_14-28-19
2024-12-05_14-30-16,COMP,student.cpp:2024-12-05_14-30-16
2024-12-05_14-31-05,050%,student.cpp:2024-12-05_14-31-05
2024-12-05_14-31-43,075%,student.cpp:2024-12-05_14-31-43
2024-12-05_14-39-57,075%,student.cpp:2024-12-05_14-39-57
2024-12-05_14-40-47,075%,student.cpp:2024-12-05_14-40-47
2024-12-05_14-43-25,087%,student.cpp:2024-12-05_14-43-25
2024-12-05_14-46-02,087%,student.cpp:2024-12-05_14-46-02
2024-12-05_14-47-22,087%,student.cpp:2024-12-05_14-47-22
2024-12-05_14-49-05,087%,student.cpp:2024-12-05_14-49-05
2024-12-05_14-49-23,100%,student.cpp:2024-12-05_14-49-23
